<?xml version="1.0" encoding="UTF-8" standalone="yes"?>
<addon id="repository.dedsec" name="[COLOR green]DeDSeC Repository[/COLOR]" version="1.1.1.1.1" provider-name="DeDSeC">
	<extension point="xbmc.addon.repository" name="DedSec">
	    <dir>
		    <info compressed="false">https://raw.githubusercontent.com/watchdogs36/dedsec/master/zips/addons.xml</info>
		    <checksum>https://raw.githubusercontent.com/watchdogs36/dedsec/master/zips/addons.xml.md5</checksum>
		    <datadir zip="true">https://raw.githubusercontent.com/watchdogs36/dedsec/master/zips</datadir>
        </dir>
		<dir>
		    <info compressed="false">https://raw.githubusercontent.com/jsergio123/zips/master/addons.xml</info>
            <checksum>https://raw.githubusercontent.com/jsergio123/zips/master/addons.xml.md5</checksum>
            <datadir zip="true">https://raw.githubusercontent.com/jsergio123/zips/master/</datadir>
		</dir>
		<dir>
			<info compressed="false">https://raw.githubusercontent.com/a4k-openproject/repository.openscrapers/master/zips/addons.xml</info>
			<checksum>https://raw.githubusercontent.com/a4k-openproject/repository.openscrapers/master/zips/addons.xml.md5</checksum>
			<datadir zip="true">https://raw.githubusercontent.com/a4k-openproject/repository.openscrapers/master/zips/</datadir>
		</dir>
		<dir>
			<info compressed="false">https://raw.githubusercontent.com/tvaddonsco/tva-resolvers-repo/master/addons.xml</info>
			<checksum>https://raw.githubusercontent.com/tvaddonsco/tva-resolvers-repo/master/addons.xml.md5</checksum>
			<datadir zip="true">https://raw.githubusercontent.com/tvaddonsco/tva-resolvers-repo/master/zips/</datadir>
		</dir>
		<dir>
            <info compressed="false">https://raw.githubusercontent.com/teamuniversal/scrapers/master/_modules4all/zips/addons.xml</info>
            <checksum>https://raw.githubusercontent.com/teamuniversal/scrapers/master/_modules4all/zips/addons.xml.md5</checksum>
            <datadir zip="true">https://raw.githubusercontent.com/teamuniversal/scrapers/master/_modules4all/zips/</datadir>
        </dir>
		<dir>
		    <info>https://raw.githubusercontent.com/rmrector/repository.rector.stuff/master/addons.xml</info>
		    <checksum>https://raw.githubusercontent.com/rmrector/repository.rector.stuff/master/addons.xml.md5</checksum>
		    <datadir zip="true">https://raw.githubusercontent.com/rmrector/repository.rector.stuff/master/</datadir>
		</dir>
	</extension>
	<extension point="xbmc.addon.metadata">
		<summary>DedSec</summary>
		<description>DedSec</description>
		<platform>all</platform>
	</extension>
</addon>
